,Scenario,Replication,Cohort,Probability
0,1,1,3,0.37681159420289856
1,1,1,4,0.4520547945205479
2,1,1,5,0.28205128205128205
3,1,1,6,0.4666666666666667
4,1,1,7,0.2894736842105263
5,1,1,8,0.4117647058823529
6,1,1,9,0.4714285714285714
7,1,1,10,0.5357142857142857
8,1,1,11,0.3783783783783784
9,1,1,12,0.23728813559322035
10,1,1,13,0.4583333333333333
11,1,1,14,0.2830188679245283
12,1,1,15,0.325
13,1,1,16,0.3333333333333333
14,1,1,17,0.42857142857142855
15,1,1,18,0.30434782608695654
16,1,1,19,0.5362318840579711
17,1,1,20,0.2916666666666667
18,1,1,21,0.38028169014084506
19,1,1,22,0.3888888888888889
20,1,1,23,0.3448275862068966
21,1,1,24,0.48484848484848486
22,1,1,25,0.3114754098360656
23,1,1,26,0.3548387096774194
24,1,1,27,0.34523809523809523
25,1,1,28,0.3787878787878788
26,1,1,29,0.4142857142857143
27,1,1,30,0.32967032967032966
28,1,1,31,0.2857142857142857
29,1,1,32,0.3888888888888889
30,1,1,33,0.26582278481012656
31,1,1,34,0.4666666666666667
32,1,1,35,0.31521739130434784
33,1,1,36,0.3877551020408163
34,1,1,37,0.4318181818181818
35,1,1,38,0.3979591836734694
36,1,1,39,0.43333333333333335
37,1,1,40,0.35344827586206895
38,1,1,41,0.4725274725274725
39,1,1,42,0.4625
40,1,1,43,0.3763440860215054
41,1,1,44,0.375
42,1,1,45,0.4215686274509804
43,1,1,46,0.47126436781609193
44,1,1,47,0.30158730158730157
45,1,1,48,0.36764705882352944
46,1,1,49,0.5
47,1,1,50,0.5
48,1,2,3,0.34782608695652173
49,1,2,4,0.4666666666666667
50,1,2,5,0.3382352941176471
51,1,2,6,0.3333333333333333
52,1,2,7,0.4166666666666667
53,1,2,8,0.30275229357798167
54,1,2,9,0.3902439024390244
55,1,2,10,0.26548672566371684
56,1,2,11,0.4421052631578947
57,1,2,12,0.3488372093023256
58,1,2,13,0.27906976744186046
59,1,2,14,0.36936936936936937
60,1,2,15,0.3684210526315789
61,1,2,16,0.4146341463414634
62,1,2,17,0.2972972972972973
63,1,2,18,0.3644859813084112
64,1,2,19,0.44776119402985076
65,1,2,20,0.46987951807228917
66,1,2,21,0.3561643835616438
67,1,2,22,0.43859649122807015
68,1,2,23,0.4
69,1,2,24,0.4375
70,1,2,25,0.323943661971831
71,1,2,26,0.2625
72,1,2,27,0.38571428571428573
73,1,2,28,0.38202247191011235
74,1,2,29,0.4925373134328358
75,1,2,30,0.36764705882352944
76,1,2,31,0.391304347826087
77,1,2,32,0.3974358974358974
78,1,2,33,0.38095238095238093
79,1,2,34,0.3389830508474576
80,1,2,35,0.3709677419354839
81,1,2,36,0.27450980392156865
82,1,2,37,0.3711340206185567
83,1,2,38,0.3146067415730337
84,1,2,39,0.4117647058823529
85,1,2,40,0.4215686274509804
86,1,2,41,0.3188405797101449
87,1,2,42,0.3037974683544304
88,1,2,43,0.41346153846153844
89,1,2,44,0.4225352112676056
90,1,2,45,0.40229885057471265
91,1,2,46,0.30434782608695654
92,1,3,3,0.2644628099173554
93,1,3,4,0.40350877192982454
94,1,3,5,0.3953488372093023
95,1,3,6,0.3548387096774194
96,1,3,7,0.30337078651685395
97,1,3,8,0.34951456310679613
98,1,3,9,0.38144329896907214
99,1,3,10,0.3333333333333333
100,1,3,11,0.36
101,1,3,12,0.4025974025974026
102,1,3,13,0.31958762886597936
103,1,3,14,0.3333333333333333
104,1,3,15,0.36363636363636365
105,1,3,16,0.38666666666666666
106,1,3,17,0.3333333333333333
107,1,3,18,0.4117647058823529
108,1,3,19,0.45652173913043476
109,1,3,20,0.37735849056603776
110,1,3,21,0.4090909090909091
111,1,3,22,0.3409090909090909
112,1,3,23,0.25
113,1,3,24,0.2727272727272727
114,1,3,25,0.3076923076923077
115,1,3,26,0.3114754098360656
116,1,3,27,0.3888888888888889
117,1,3,28,0.3584905660377358
118,1,3,29,0.4666666666666667
119,1,3,30,0.3472222222222222
120,1,3,31,0.2714285714285714
121,1,3,32,0.3486238532110092
122,1,3,33,0.35
123,1,3,34,0.3880597014925373
124,1,3,35,0.42105263157894735
125,1,3,36,0.4406779661016949
126,1,3,37,0.2962962962962963
127,1,3,38,0.34375
128,1,3,39,0.3582089552238806
129,1,3,40,0.323943661971831
130,1,3,41,0.3717948717948718
131,1,3,42,0.30864197530864196
132,1,3,43,0.2815533980582524
133,1,3,44,0.3611111111111111
134,1,3,45,0.3953488372093023
135,1,3,46,0.3780487804878049
136,1,3,47,0.3176470588235294
137,1,3,48,0.313953488372093
138,1,3,49,0.41836734693877553
139,1,3,50,0.359375
140,1,3,51,0.38095238095238093
141,1,4,3,0.3475177304964539
142,1,4,4,0.42016806722689076
143,1,4,5,0.40816326530612246
144,1,4,6,0.4
145,1,4,7,0.3698630136986301
146,1,4,8,0.45054945054945056
147,1,4,9,0.36231884057971014
148,1,4,10,0.41975308641975306
149,1,4,11,0.3898305084745763
150,1,4,12,0.3977272727272727
151,1,4,13,0.39285714285714285
152,1,4,14,0.27710843373493976
153,1,4,15,0.4367816091954023
154,1,4,16,0.44642857142857145
155,1,4,17,0.36764705882352944
156,1,4,18,0.35443037974683544
157,1,4,19,0.2028985507246377
158,1,4,20,0.40789473684210525
159,1,4,21,0.2987012987012987
160,1,4,22,0.35294117647058826
161,1,4,23,0.37142857142857144
162,1,4,24,0.352112676056338
163,1,4,25,0.41025641025641024
164,1,4,26,0.38235294117647056
165,1,4,27,0.27848101265822783
166,1,4,28,0.3924050632911392
167,1,4,29,0.3103448275862069
168,1,4,30,0.40217391304347827
169,1,4,31,0.44554455445544555
170,1,4,32,0.4305555555555556
171,1,4,33,0.4084507042253521
172,1,4,34,0.3230769230769231
173,1,4,35,0.3787878787878788
174,1,4,36,0.47058823529411764
175,1,4,37,0.34328358208955223
176,1,4,38,0.3709677419354839
177,1,4,39,0.3888888888888889
178,1,4,40,0.49056603773584906
179,1,4,41,0.23809523809523808
180,1,4,42,0.5
181,1,4,43,0.4358974358974359
182,1,4,44,0.421875
183,1,4,45,0.1951219512195122
184,1,4,46,0.26666666666666666
185,1,4,47,0.4528301886792453
186,1,4,48,0.43243243243243246
187,1,4,49,0.3953488372093023
188,1,4,50,0.2916666666666667
189,1,4,51,0.6666666666666666
190,1,5,3,0.34459459459459457
191,1,5,4,0.4166666666666667
192,1,5,5,0.4155844155844156
193,1,5,6,0.5483870967741935
194,1,5,7,0.3026315789473684
195,1,5,8,0.27350427350427353
196,1,5,9,0.42105263157894735
197,1,5,10,0.4819277108433735
198,1,5,11,0.4430379746835443
199,1,5,12,0.4
200,1,5,13,0.3404255319148936
201,1,5,14,0.35064935064935066
202,1,5,15,0.2857142857142857
203,1,5,16,0.38461538461538464
204,1,5,17,0.31343283582089554
205,1,5,18,0.3829787234042553
206,1,5,19,0.5121951219512195
207,1,5,20,0.30357142857142855
208,1,5,21,0.42105263157894735
209,1,5,22,0.34375
210,1,5,23,0.3918918918918919
211,1,5,24,0.4457831325301205
212,1,5,25,0.34615384615384615
213,1,5,26,0.3333333333333333
214,1,5,27,0.3389830508474576
215,1,5,28,0.21428571428571427
216,1,5,29,0.4166666666666667
217,1,5,30,0.3275862068965517
218,1,5,31,0.4444444444444444
219,1,5,32,0.4305555555555556
220,1,5,33,0.35135135135135137
221,1,5,34,0.39215686274509803
222,1,5,35,0.5111111111111111
223,1,5,36,0.36666666666666664
224,1,5,37,0.18518518518518517
225,1,5,38,0.3584905660377358
226,1,5,39,0.4166666666666667
227,1,5,40,0.3076923076923077
228,1,5,41,0.40540540540540543
229,1,5,42,0.44285714285714284
230,1,5,43,0.36666666666666664
231,1,5,44,0.43103448275862066
232,1,5,45,0.36363636363636365
233,1,5,46,0.25333333333333335
234,1,5,47,0.4431818181818182
235,1,5,48,0.38461538461538464
236,1,5,49,0.4
237,1,5,50,0.328125
238,1,5,51,0.25806451612903225
239,1,5,52,0.6666666666666666
240,1,6,3,0.33858267716535434
241,1,6,4,0.4195804195804196
242,1,6,5,0.37037037037037035
243,1,6,6,0.37142857142857144
244,1,6,7,0.38095238095238093
245,1,6,8,0.3493975903614458
246,1,6,9,0.24561403508771928
247,1,6,10,0.2972972972972973
248,1,6,11,0.4489795918367347
249,1,6,12,0.4117647058823529
250,1,6,13,0.46875
251,1,6,14,0.225
252,1,6,15,0.391304347826087
253,1,6,16,0.46153846153846156
254,1,6,17,0.3870967741935484
255,1,6,18,0.32075471698113206
256,1,6,19,0.2545454545454545
257,1,6,20,0.375
258,1,6,21,0.40384615384615385
259,1,6,22,0.4
260,1,6,23,0.39285714285714285
261,1,6,24,0.3235294117647059
262,1,6,25,0.3875
263,1,6,26,0.375
264,1,6,27,0.41935483870967744
265,1,6,28,0.48148148148148145
266,1,6,29,0.3508771929824561
267,1,6,30,0.25882352941176473
268,1,6,31,0.43243243243243246
269,1,6,32,0.3870967741935484
270,1,6,33,0.3516483516483517
271,1,6,34,0.3088235294117647
272,1,6,35,0.4673913043478261
273,1,6,36,0.4
274,1,6,37,0.5076923076923077
275,1,6,38,0.3870967741935484
276,1,6,39,0.3508771929824561
277,1,6,40,0.38095238095238093
278,1,6,41,0.3220338983050847
279,1,6,42,0.3620689655172414
280,1,6,43,0.27906976744186046
281,1,6,44,0.37037037037037035
282,1,6,45,0.3655913978494624
283,1,6,46,0.32432432432432434
284,1,6,47,0.47058823529411764
285,1,6,48,0.42168674698795183
286,1,6,49,0.3888888888888889
287,1,6,50,0.3924050632911392
288,1,6,51,0.43243243243243246
289,1,7,3,0.3228346456692913
290,1,7,4,0.42857142857142855
291,1,7,5,0.43023255813953487
292,1,7,6,0.4146341463414634
293,1,7,7,0.3217391304347826
294,1,7,8,0.3853211009174312
295,1,7,9,0.46153846153846156
296,1,7,10,0.41333333333333333
297,1,7,11,0.38333333333333336
298,1,7,12,0.38571428571428573
299,1,7,13,0.3103448275862069
300,1,7,14,0.4155844155844156
301,1,7,15,0.34285714285714286
302,1,7,16,0.48484848484848486
303,1,7,17,0.4074074074074074
304,1,7,18,0.39080459770114945
305,1,7,19,0.4027777777777778
306,1,7,20,0.35526315789473684
307,1,7,21,0.4225352112676056
308,1,7,22,0.32222222222222224
309,1,7,23,0.40229885057471265
310,1,7,24,0.22784810126582278
311,1,7,25,0.36904761904761907
312,1,7,26,0.45454545454545453
313,1,7,27,0.2153846153846154
314,1,7,28,0.3883495145631068
315,1,7,29,0.3902439024390244
316,1,7,30,0.34375
317,1,7,31,0.4777777777777778
318,1,7,32,0.3783783783783784
319,1,7,33,0.38181818181818183
320,1,7,34,0.48214285714285715
321,1,7,35,0.38095238095238093
322,1,7,36,0.34615384615384615
323,1,7,37,0.29850746268656714
324,1,7,38,0.45098039215686275
325,1,7,39,0.2711864406779661
326,1,7,40,0.37254901960784315
327,1,7,41,0.3
328,1,7,42,0.3387096774193548
329,1,7,43,0.375
330,1,7,44,0.3958333333333333
331,1,7,45,0.3684210526315789
332,1,7,46,0.3448275862068966
333,1,7,47,0.2926829268292683
334,1,7,48,0.36538461538461536
335,1,7,49,0.2765957446808511
336,1,7,50,0.2
337,1,8,3,0.4215686274509804
338,1,8,4,0.42063492063492064
339,1,8,5,0.3611111111111111
340,1,8,6,0.34782608695652173
341,1,8,7,0.37254901960784315
342,1,8,8,0.4788732394366197
343,1,8,9,0.3918918918918919
344,1,8,10,0.3333333333333333
345,1,8,11,0.40425531914893614
346,1,8,12,0.43548387096774194
347,1,8,13,0.2857142857142857
348,1,8,14,0.36486486486486486
349,1,8,15,0.31645569620253167
350,1,8,16,0.3283582089552239
351,1,8,17,0.3333333333333333
352,1,8,18,0.4166666666666667
353,1,8,19,0.3375
354,1,8,20,0.38961038961038963
355,1,8,21,0.36507936507936506
356,1,8,22,0.49230769230769234
357,1,8,23,0.2571428571428571
358,1,8,24,0.47540983606557374
359,1,8,25,0.39436619718309857
360,1,8,26,0.3974358974358974
361,1,8,27,0.391304347826087
362,1,8,28,0.2962962962962963
363,1,8,29,0.4126984126984127
364,1,8,30,0.38181818181818183
365,1,8,31,0.31343283582089554
366,1,8,32,0.4084507042253521
367,1,8,33,0.3404255319148936
368,1,8,34,0.3684210526315789
369,1,8,35,0.2909090909090909
370,1,8,36,0.4659090909090909
371,1,8,37,0.375
372,1,8,38,0.36585365853658536
373,1,8,39,0.43137254901960786
374,1,8,40,0.3486238532110092
375,1,8,41,0.4215686274509804
376,1,8,42,0.32
377,1,8,43,0.32786885245901637
378,1,8,44,0.3275862068965517
379,1,8,45,0.40625
380,1,8,46,0.35714285714285715
381,1,8,47,0.3655913978494624
382,1,8,48,0.5
383,1,8,49,0.42857142857142855
384,1,9,3,0.4263565891472868
385,1,9,4,0.3813559322033898
386,1,9,5,0.4146341463414634
387,1,9,6,0.37142857142857144
388,1,9,7,0.41
389,1,9,8,0.42718446601941745
390,1,9,9,0.379746835443038
391,1,9,10,0.38095238095238093
392,1,9,11,0.4931506849315068
393,1,9,12,0.46153846153846156
394,1,9,13,0.35526315789473684
395,1,9,14,0.4406779661016949
396,1,9,15,0.27631578947368424
397,1,9,16,0.3950617283950617
398,1,9,17,0.3582089552238806
399,1,9,18,0.42857142857142855
400,1,9,19,0.4864864864864865
401,1,9,20,0.4027777777777778
402,1,9,21,0.375
403,1,9,22,0.41836734693877553
404,1,9,23,0.36
405,1,9,24,0.38181818181818183
406,1,9,25,0.3125
407,1,9,26,0.325
408,1,9,27,0.38392857142857145
409,1,9,28,0.41379310344827586
410,1,9,29,0.4722222222222222
411,1,9,30,0.410958904109589
412,1,9,31,0.40217391304347827
413,1,9,32,0.4157303370786517
414,1,9,33,0.4155844155844156
415,1,9,34,0.34210526315789475
416,1,9,35,0.3655913978494624
417,1,9,36,0.41333333333333333
418,1,9,37,0.359375
419,1,9,38,0.36
420,1,9,39,0.42857142857142855
421,1,9,40,0.3333333333333333
422,1,9,41,0.38961038961038963
423,1,9,42,0.38333333333333336
424,1,9,43,0.375
425,1,9,44,0.3728813559322034
426,1,9,45,0.4262295081967213
427,1,9,46,0.4
428,1,9,47,0.20689655172413793
429,1,9,48,0.4074074074074074
430,1,9,49,0.23076923076923078
431,1,9,50,0.49019607843137253
432,1,9,51,0.4
433,1,10,3,0.4645669291338583
434,1,10,4,0.4489795918367347
435,1,10,5,0.3918918918918919
436,1,10,6,0.47692307692307695
437,1,10,7,0.3870967741935484
438,1,10,8,0.3013698630136986
439,1,10,9,0.34615384615384615
440,1,10,10,0.3584905660377358
441,1,10,11,0.45054945054945056
442,1,10,12,0.5058823529411764
443,1,10,13,0.39285714285714285
444,1,10,14,0.34210526315789475
445,1,10,15,0.32051282051282054
446,1,10,16,0.38596491228070173
447,1,10,17,0.4895833333333333
448,1,10,18,0.2535211267605634
449,1,10,19,0.43010752688172044
450,1,10,20,0.3076923076923077
451,1,10,21,0.39603960396039606
452,1,10,22,0.3917525773195876
453,1,10,23,0.4457831325301205
454,1,10,24,0.3838383838383838
455,1,10,25,0.3673469387755102
456,1,10,26,0.2912621359223301
457,1,10,27,0.4144144144144144
458,1,10,28,0.3939393939393939
459,1,10,29,0.3950617283950617
460,1,10,30,0.38461538461538464
461,1,10,31,0.5
462,1,10,32,0.41025641025641024
463,1,10,33,0.2835820895522388
464,1,10,34,0.36046511627906974
465,1,10,35,0.3181818181818182
466,1,10,36,0.38666666666666666
467,1,10,37,0.35294117647058826
468,1,10,38,0.38613861386138615
469,1,10,39,0.41904761904761906
470,1,10,40,0.3894736842105263
471,1,10,41,0.49473684210526314
472,1,10,42,0.367816091954023
473,1,10,43,0.38095238095238093
474,1,10,44,0.2891566265060241
475,1,10,45,0.3434343434343434
476,1,10,46,0.40625
477,1,10,47,0.47619047619047616
478,1,10,48,0.4691358024691358
479,1,10,49,0.5151515151515151
480,2,1,3,0.5178571428571429
481,2,1,4,0.5042735042735043
482,2,1,5,0.47058823529411764
483,2,1,6,0.2826086956521739
484,2,1,7,0.3841059602649007
485,2,1,8,0.5
486,2,1,9,0.43333333333333335
487,2,1,10,0.35802469135802467
488,2,1,11,0.34408602150537637
489,2,1,12,0.46153846153846156
490,2,1,13,0.5056179775280899
491,2,1,14,0.4489795918367347
492,2,1,15,0.4931506849315068
493,2,1,16,0.4264705882352941
494,2,1,17,0.36507936507936506
495,2,1,18,0.3382352941176471
496,2,1,19,0.4166666666666667
497,2,1,20,0.3918918918918919
498,2,1,21,0.38461538461538464
499,2,1,22,0.45652173913043476
500,2,1,23,0.4626865671641791
501,2,1,24,0.40816326530612246
502,2,1,25,0.26666666666666666
503,2,1,26,0.3170731707317073
504,2,1,27,0.39215686274509803
505,2,1,28,0.30434782608695654
506,2,1,29,0.3114754098360656
507,2,1,30,0.45569620253164556
508,2,1,31,0.3472222222222222
509,2,1,32,0.43478260869565216
510,2,1,33,0.47692307692307695
511,2,1,34,0.375
512,2,1,35,0.417910447761194
513,2,1,36,0.4057971014492754
514,2,1,37,0.38028169014084506
515,2,1,38,0.33695652173913043
516,2,1,39,0.4367816091954023
517,2,1,40,0.3142857142857143
518,2,1,41,0.4050632911392405
519,2,1,42,0.4157303370786517
520,2,1,43,0.4
521,2,1,44,0.3146067415730337
522,2,1,45,0.4380952380952381
523,2,1,46,0.3798449612403101
524,2,1,47,0.4714285714285714
525,2,1,48,0.5217391304347826
526,2,1,49,0.375
527,2,1,50,0.6
528,2,2,3,0.36879432624113473
529,2,2,4,0.373134328358209
530,2,2,5,0.5338983050847458
531,2,2,6,0.35
532,2,2,7,0.4823529411764706
533,2,2,8,0.3783783783783784
534,2,2,9,0.37777777777777777
535,2,2,10,0.4666666666666667
536,2,2,11,0.4107142857142857
537,2,2,12,0.41379310344827586
538,2,2,13,0.43661971830985913
539,2,2,14,0.3048780487804878
540,2,2,15,0.359375
541,2,2,16,0.29545454545454547
542,2,2,17,0.18518518518518517
543,2,2,18,0.37349397590361444
544,2,2,19,0.5176470588235295
545,2,2,20,0.4111111111111111
546,2,2,21,0.32051282051282054
547,2,2,22,0.36904761904761907
548,2,2,23,0.3939393939393939
549,2,2,24,0.4264705882352941
550,2,2,25,0.42424242424242425
551,2,2,26,0.375
552,2,2,27,0.3956043956043956
553,2,2,28,0.38461538461538464
554,2,2,29,0.4266666666666667
555,2,2,30,0.40594059405940597
556,2,2,31,0.313953488372093
557,2,2,32,0.4186046511627907
558,2,2,33,0.4019607843137255
559,2,2,34,0.45714285714285713
560,2,2,35,0.288135593220339
561,2,2,36,0.3968253968253968
562,2,2,37,0.29850746268656714
563,2,2,38,0.3387096774193548
564,2,2,39,0.35
565,2,2,40,0.4117647058823529
566,2,2,41,0.34782608695652173
567,2,2,42,0.3191489361702128
568,2,2,43,0.38461538461538464
569,2,2,44,0.3333333333333333
570,2,2,45,0.43636363636363634
571,2,2,46,0.2558139534883721
572,2,2,47,0.375
573,2,2,48,0.515625
574,2,2,49,0.3877551020408163
575,2,2,50,0.29411764705882354
576,2,2,51,0.45454545454545453
577,2,2,52,0.0
578,2,3,3,0.49206349206349204
579,2,3,4,0.36507936507936506
580,2,3,5,0.5154639175257731
581,2,3,6,0.4605263157894737
582,2,3,7,0.4336283185840708
583,2,3,8,0.3790322580645161
584,2,3,9,0.3611111111111111
585,2,3,10,0.4895833333333333
586,2,3,11,0.23655913978494625
587,2,3,12,0.358695652173913
588,2,3,13,0.4215686274509804
589,2,3,14,0.28735632183908044
590,2,3,15,0.3709677419354839
591,2,3,16,0.45098039215686275
592,2,3,17,0.5111111111111111
593,2,3,18,0.5192307692307693
594,2,3,19,0.4878048780487805
595,2,3,20,0.5806451612903226
596,2,3,21,0.3
597,2,3,22,0.3
598,2,3,23,0.4166666666666667
599,2,3,24,0.4642857142857143
600,2,3,25,0.33962264150943394
601,2,3,26,0.30434782608695654
602,2,3,27,0.46511627906976744
603,2,3,28,0.30357142857142855
604,2,3,29,0.42105263157894735
605,2,3,30,0.2727272727272727
606,2,3,31,0.40229885057471265
607,2,3,32,0.4430379746835443
608,2,3,33,0.46236559139784944
609,2,3,34,0.3508771929824561
610,2,3,35,0.42424242424242425
611,2,3,36,0.46236559139784944
612,2,3,37,0.46078431372549017
613,2,3,38,0.35789473684210527
614,2,3,39,0.48623853211009177
615,2,3,40,0.4375
616,2,3,41,0.45977011494252873
617,2,3,42,0.43636363636363634
618,2,3,43,0.49056603773584906
619,2,3,44,0.24074074074074073
620,2,3,45,0.4155844155844156
621,2,3,46,0.4666666666666667
622,2,3,47,0.2830188679245283
623,2,3,48,0.45454545454545453
624,2,3,49,0.4090909090909091
625,2,3,50,0.48148148148148145
626,2,3,51,0.3235294117647059
627,2,3,52,0.1875
628,2,3,53,0.18518518518518517
629,2,3,54,0.35294117647058826
630,2,4,3,0.44755244755244755
631,2,4,4,0.3783783783783784
632,2,4,5,0.3953488372093023
633,2,4,6,0.5181818181818182
634,2,4,7,0.4016393442622951
635,2,4,8,0.49473684210526314
636,2,4,9,0.452991452991453
637,2,4,10,0.2962962962962963
638,2,4,11,0.363013698630137
639,2,4,12,0.42857142857142855
640,2,4,13,0.4298245614035088
641,2,4,14,0.40594059405940597
642,2,4,15,0.39361702127659576
643,2,4,16,0.3723404255319149
644,2,4,17,0.35135135135135137
645,2,4,18,0.37209302325581395
646,2,4,19,0.5538461538461539
647,2,4,20,0.4842105263157895
648,2,4,21,0.34328358208955223
649,2,4,22,0.4868421052631579
650,2,4,23,0.5
651,2,4,24,0.375
652,2,4,25,0.47297297297297297
653,2,4,26,0.32857142857142857
654,2,4,27,0.375
655,2,4,28,0.3392857142857143
656,2,4,29,0.43902439024390244
657,2,4,30,0.5535714285714286
658,2,4,31,0.3953488372093023
659,2,4,32,0.36065573770491804
660,2,4,33,0.3974358974358974
661,2,4,34,0.4166666666666667
662,2,4,35,0.38028169014084506
663,2,4,36,0.40625
664,2,4,37,0.3875
665,2,4,38,0.31343283582089554
666,2,4,39,0.4470588235294118
667,2,4,40,0.42168674698795183
668,2,4,41,0.38571428571428573
669,2,4,42,0.4
670,2,4,43,0.31868131868131866
671,2,4,44,0.2980769230769231
672,2,4,45,0.43373493975903615
673,2,4,46,0.4444444444444444
674,2,4,47,0.22580645161290322
675,2,4,48,0.39436619718309857
676,2,4,49,0.3698630136986301
677,2,4,50,0.42857142857142855
678,2,4,51,0.2608695652173913
679,2,4,52,0.25
680,2,4,53,1.0
681,2,5,3,0.44
682,2,5,4,0.5238095238095238
683,2,5,5,0.36470588235294116
684,2,5,6,0.3764705882352941
685,2,5,7,0.3870967741935484
686,2,5,8,0.4891304347826087
687,2,5,9,0.3493975903614458
688,2,5,10,0.4473684210526316
689,2,5,11,0.4854368932038835
690,2,5,12,0.39361702127659576
691,2,5,13,0.41509433962264153
692,2,5,14,0.43
693,2,5,15,0.41509433962264153
694,2,5,16,0.3652173913043478
695,2,5,17,0.45
696,2,5,18,0.375
697,2,5,19,0.41228070175438597
698,2,5,20,0.40298507462686567
699,2,5,21,0.37662337662337664
700,2,5,22,0.44660194174757284
701,2,5,23,0.40404040404040403
702,2,5,24,0.5060240963855421
703,2,5,25,0.4222222222222222
704,2,5,26,0.3925233644859813
705,2,5,27,0.43023255813953487
706,2,5,28,0.5252525252525253
707,2,5,29,0.4523809523809524
708,2,5,30,0.4444444444444444
709,2,5,31,0.4111111111111111
710,2,5,32,0.37362637362637363
711,2,5,33,0.3939393939393939
712,2,5,34,0.3902439024390244
713,2,5,35,0.3142857142857143
714,2,5,36,0.4375
715,2,5,37,0.36486486486486486
716,2,5,38,0.4307692307692308
717,2,5,39,0.2987012987012987
718,2,5,40,0.36470588235294116
719,2,5,41,0.49019607843137253
720,2,5,42,0.4533333333333333
721,2,5,43,0.43209876543209874
722,2,5,44,0.37894736842105264
723,2,5,45,0.345679012345679
724,2,5,46,0.32786885245901637
725,2,5,47,0.3490566037735849
726,2,5,48,0.24444444444444444
727,2,5,49,0.48148148148148145
728,2,5,50,0.6
729,2,5,51,0.0
730,2,6,3,0.4423076923076923
731,2,6,4,0.40298507462686567
732,2,6,5,0.46153846153846156
733,2,6,6,0.36507936507936506
734,2,6,7,0.47058823529411764
735,2,6,8,0.4158415841584158
736,2,6,9,0.323943661971831
737,2,6,10,0.4189189189189189
738,2,6,11,0.390625
739,2,6,12,0.42168674698795183
740,2,6,13,0.44
741,2,6,14,0.3125
742,2,6,15,0.5
743,2,6,16,0.44660194174757284
744,2,6,17,0.37383177570093457
745,2,6,18,0.4634146341463415
746,2,6,19,0.4186046511627907
747,2,6,20,0.42990654205607476
748,2,6,21,0.4722222222222222
749,2,6,22,0.3978494623655914
750,2,6,23,0.3707865168539326
751,2,6,24,0.40540540540540543
752,2,6,25,0.32
753,2,6,26,0.35185185185185186
754,2,6,27,0.4657534246575342
755,2,6,28,0.417910447761194
756,2,6,29,0.38333333333333336
757,2,6,30,0.43820224719101125
758,2,6,31,0.4
759,2,6,32,0.26666666666666666
760,2,6,33,0.3448275862068966
761,2,6,34,0.3333333333333333
762,2,6,35,0.24
763,2,6,36,0.32608695652173914
764,2,6,37,0.19607843137254902
765,2,6,38,0.18181818181818182
766,2,6,39,0.46511627906976744
767,2,6,40,0.5
768,2,6,41,0.36363636363636365
769,2,6,42,0.3235294117647059
770,2,6,43,0.2711864406779661
771,2,6,44,0.423728813559322
772,2,6,45,0.4927536231884058
773,2,6,46,0.3188405797101449
774,2,6,47,0.4810126582278481
775,2,6,48,0.39705882352941174
776,2,6,49,0.38571428571428573
777,2,6,50,0.3974358974358974
778,2,6,51,0.3625
779,2,6,52,0.40540540540540543
780,2,6,53,0.38461538461538464
781,2,7,3,0.3695652173913043
782,2,7,4,0.4098360655737705
783,2,7,5,0.452991452991453
784,2,7,6,0.3644859813084112
785,2,7,7,0.43119266055045874
786,2,7,8,0.35353535353535354
787,2,7,9,0.3739130434782609
788,2,7,10,0.5
789,2,7,11,0.39603960396039606
790,2,7,12,0.4810126582278481
791,2,7,13,0.27380952380952384
792,2,7,14,0.4875
793,2,7,15,0.35443037974683544
794,2,7,16,0.32
795,2,7,17,0.4
796,2,7,18,0.3409090909090909
797,2,7,19,0.25842696629213485
798,2,7,20,0.36666666666666664
799,2,7,21,0.4409448818897638
800,2,7,22,0.4485294117647059
801,2,7,23,0.3828125
802,2,7,24,0.49624060150375937
803,2,7,25,0.4056603773584906
804,2,7,26,0.32432432432432434
805,2,7,27,0.4742268041237113
806,2,7,28,0.39473684210526316
807,2,7,29,0.4444444444444444
808,2,7,30,0.42696629213483145
809,2,7,31,0.3142857142857143
810,2,7,32,0.42105263157894735
811,2,7,33,0.3625
812,2,7,34,0.4444444444444444
813,2,7,35,0.4189189189189189
814,2,7,36,0.44565217391304346
815,2,7,37,0.35365853658536583
816,2,7,38,0.39473684210526316
817,2,7,39,0.34615384615384615
818,2,7,40,0.5
819,2,7,41,0.38571428571428573
820,2,7,42,0.3392857142857143
821,2,7,43,0.3387096774193548
822,2,7,44,0.47692307692307695
823,2,7,45,0.4878048780487805
824,2,7,46,0.4166666666666667
825,2,7,47,0.4827586206896552
826,2,7,48,0.2619047619047619
827,2,7,49,0.3409090909090909
828,2,7,50,0.45714285714285713
829,2,7,51,0.42857142857142855
830,2,7,52,0.0
831,2,8,3,0.5279503105590062
832,2,8,4,0.46551724137931033
833,2,8,5,0.43137254901960786
834,2,8,6,0.45454545454545453
835,2,8,7,0.4318181818181818
836,2,8,8,0.452991452991453
837,2,8,9,0.39814814814814814
838,2,8,10,0.4148936170212766
839,2,8,11,0.3894736842105263
840,2,8,12,0.4177215189873418
841,2,8,13,0.36904761904761907
842,2,8,14,0.449438202247191
843,2,8,15,0.48717948717948717
844,2,8,16,0.2948717948717949
845,2,8,17,0.5522388059701493
846,2,8,18,0.4117647058823529
847,2,8,19,0.5116279069767442
848,2,8,20,0.2978723404255319
849,2,8,21,0.42105263157894735
850,2,8,22,0.3076923076923077
851,2,8,23,0.4358974358974359
852,2,8,24,0.35294117647058826
853,2,8,25,0.4146341463414634
854,2,8,26,0.4878048780487805
855,2,8,27,0.4642857142857143
856,2,8,28,0.34210526315789475
857,2,8,29,0.41025641025641024
858,2,8,30,0.34328358208955223
859,2,8,31,0.2727272727272727
860,2,8,32,0.2911392405063291
861,2,8,33,0.3979591836734694
862,2,8,34,0.42424242424242425
863,2,8,35,0.3974358974358974
864,2,8,36,0.3466666666666667
865,2,8,37,0.43333333333333335
866,2,8,38,0.4444444444444444
867,2,8,39,0.3050847457627119
868,2,8,40,0.5652173913043478
869,2,8,41,0.2830188679245283
870,2,8,42,0.42857142857142855
871,2,8,43,0.4230769230769231
872,2,8,44,0.42045454545454547
873,2,8,45,0.3953488372093023
874,2,8,46,0.34523809523809523
875,2,8,47,0.25333333333333335
876,2,8,48,0.29850746268656714
877,2,8,49,0.391304347826087
878,2,8,50,0.42857142857142855
879,2,8,51,0.5205479452054794
880,2,8,52,0.37777777777777777
881,2,8,53,0.0
882,2,9,3,0.362962962962963
883,2,9,4,0.48333333333333334
884,2,9,5,0.32432432432432434
885,2,9,6,0.47058823529411764
886,2,9,7,0.48314606741573035
887,2,9,8,0.40217391304347827
888,2,9,9,0.3893805309734513
889,2,9,10,0.3813559322033898
890,2,9,11,0.3025210084033613
891,2,9,12,0.4563106796116505
892,2,9,13,0.5092592592592593
893,2,9,14,0.43529411764705883
894,2,9,15,0.3037974683544304
895,2,9,16,0.3711340206185567
896,2,9,17,0.36363636363636365
897,2,9,18,0.3655913978494624
898,2,9,19,0.46078431372549017
899,2,9,20,0.38095238095238093
900,2,9,21,0.39849624060150374
901,2,9,22,0.43157894736842106
902,2,9,23,0.35
903,2,9,24,0.5545454545454546
904,2,9,25,0.3103448275862069
905,2,9,26,0.3020833333333333
906,2,9,27,0.42452830188679247
907,2,9,28,0.38372093023255816
908,2,9,29,0.5252525252525253
909,2,9,30,0.46153846153846156
910,2,9,31,0.47435897435897434
911,2,9,32,0.4583333333333333
912,2,9,33,0.41818181818181815
913,2,9,34,0.5
914,2,9,35,0.45454545454545453
915,2,9,36,0.2857142857142857
916,2,9,37,0.32786885245901637
917,2,9,38,0.43283582089552236
918,2,9,39,0.275
919,2,9,40,0.34210526315789475
920,2,9,41,0.43333333333333335
921,2,9,42,0.39705882352941174
922,2,9,43,0.3026315789473684
923,2,9,44,0.40789473684210525
924,2,9,45,0.37681159420289856
925,2,9,46,0.3835616438356164
926,2,9,47,0.3793103448275862
927,2,9,48,0.46153846153846156
928,2,9,49,0.453125
929,2,9,50,0.5172413793103449
930,2,9,51,0.0
931,2,10,3,0.4307692307692308
932,2,10,4,0.45588235294117646
933,2,10,5,0.32894736842105265
934,2,10,6,0.4716981132075472
935,2,10,7,0.4473684210526316
936,2,10,8,0.3684210526315789
937,2,10,9,0.3448275862068966
938,2,10,10,0.42857142857142855
939,2,10,11,0.4
940,2,10,12,0.3
941,2,10,13,0.3333333333333333
942,2,10,14,0.4186046511627907
943,2,10,15,0.3787878787878788
944,2,10,16,0.3382352941176471
945,2,10,17,0.37209302325581395
946,2,10,18,0.36065573770491804
947,2,10,19,0.41509433962264153
948,2,10,20,0.47058823529411764
949,2,10,21,0.43661971830985913
950,2,10,22,0.5081967213114754
951,2,10,23,0.3333333333333333
952,2,10,24,0.40476190476190477
953,2,10,25,0.2916666666666667
954,2,10,26,0.5076923076923077
955,2,10,27,0.35051546391752575
956,2,10,28,0.4805194805194805
957,2,10,29,0.3617021276595745
958,2,10,30,0.19736842105263158
959,2,10,31,0.3855421686746988
960,2,10,32,0.3411764705882353
961,2,10,33,0.3058823529411765
962,2,10,34,0.576271186440678
963,2,10,35,0.3728813559322034
964,2,10,36,0.4489795918367347
965,2,10,37,0.3157894736842105
966,2,10,38,0.5373134328358209
967,2,10,39,0.24324324324324326
968,2,10,40,0.3333333333333333
969,2,10,41,0.4745762711864407
970,2,10,42,0.2916666666666667
971,2,10,43,0.36538461538461536
972,2,10,44,0.36470588235294116
973,2,10,45,0.22058823529411764
974,2,10,46,0.21153846153846154
975,2,10,47,0.4
976,2,10,48,0.4418604651162791
977,2,10,49,0.5
978,2,10,50,0.375
979,2,10,51,0.4528301886792453
980,2,10,52,0.5
981,2,10,53,0.4426229508196721
982,2,10,54,0.5076923076923077
983,2,10,55,0.4146341463414634
984,2,10,56,0.4838709677419355
985,3,1,3,0.3700787401574803
986,3,1,4,0.43859649122807015
987,3,1,5,0.2962962962962963
988,3,1,6,0.34285714285714286
989,3,1,7,0.42857142857142855
990,3,1,8,0.5333333333333333
991,3,1,9,0.1111111111111111
992,3,1,10,0.47368421052631576
993,3,1,11,0.3939393939393939
994,3,1,12,0.28205128205128205
995,3,1,13,0.37777777777777777
996,3,1,14,0.3181818181818182
997,3,1,15,0.4025974025974026
998,3,1,16,0.5283018867924528
999,3,1,17,0.4
1000,3,1,18,0.2127659574468085
1001,3,1,19,0.2962962962962963
1002,3,1,20,0.2571428571428571
1003,3,1,21,0.2692307692307692
1004,3,1,22,0.30952380952380953
1005,3,1,23,0.39285714285714285
1006,3,1,24,0.4666666666666667
1007,3,1,25,0.3235294117647059
1008,3,1,26,0.23809523809523808
1009,3,1,27,0.32558139534883723
1010,3,1,28,0.41935483870967744
1011,3,1,29,0.33962264150943394
1012,3,1,30,0.3488372093023256
1013,3,1,31,0.14285714285714285
1014,3,1,32,0.5135135135135135
1015,3,1,33,0.4782608695652174
1016,3,1,34,0.2545454545454545
1017,3,1,35,0.3088235294117647
1018,3,1,36,0.25757575757575757
1019,3,1,37,0.31343283582089554
1020,3,1,38,0.42857142857142855
1021,3,1,39,0.4084507042253521
1022,3,1,40,0.35714285714285715
1023,3,1,41,0.34146341463414637
1024,3,1,42,0.38333333333333336
1025,3,1,43,0.5384615384615384
1026,3,1,44,0.3541666666666667
1027,3,1,45,0.3448275862068966
1028,3,1,46,0.3333333333333333
1029,3,1,47,0.2631578947368421
1030,3,1,48,0.45161290322580644
1031,3,1,49,0.16666666666666666
1032,3,2,3,0.37209302325581395
1033,3,2,4,0.4057971014492754
1034,3,2,5,0.46774193548387094
1035,3,2,6,0.3617021276595745
1036,3,2,7,0.3103448275862069
1037,3,2,8,0.23333333333333334
1038,3,2,9,0.25
1039,3,2,10,0.38
1040,3,2,11,0.3829787234042553
1041,3,2,12,0.2972972972972973
1042,3,2,13,0.39473684210526316
1043,3,2,14,0.48484848484848486
1044,3,2,15,0.25
1045,3,2,16,0.30303030303030304
1046,3,2,17,0.4117647058823529
1047,3,2,18,0.32432432432432434
1048,3,2,19,0.4074074074074074
1049,3,2,20,0.5454545454545454
1050,3,2,21,0.38461538461538464
1051,3,2,22,0.40625
1052,3,2,23,0.3939393939393939
1053,3,2,24,0.32727272727272727
1054,3,2,25,0.4603174603174603
1055,3,2,26,0.3170731707317073
1056,3,2,27,0.25
1057,3,2,28,0.41025641025641024
1058,3,2,29,0.4
1059,3,2,30,0.3488372093023256
1060,3,2,31,0.2826086956521739
1061,3,2,32,0.4166666666666667
1062,3,2,33,0.3684210526315789
1063,3,2,34,0.42
1064,3,2,35,0.35294117647058826
1065,3,2,36,0.3333333333333333
1066,3,2,37,0.4
1067,3,2,38,0.3333333333333333
1068,3,2,39,0.39622641509433965
1069,3,2,40,0.47619047619047616
1070,3,2,41,0.4444444444444444
1071,3,2,42,0.3023255813953488
1072,3,2,43,0.38
1073,3,2,44,0.35443037974683544
1074,3,2,45,0.4444444444444444
1075,3,2,46,0.32
1076,3,2,47,0.2702702702702703
1077,3,2,48,0.5
1078,3,3,3,0.25225225225225223
1079,3,3,4,0.3069306930693069
1080,3,3,5,0.2835820895522388
1081,3,3,6,0.3793103448275862
1082,3,3,7,0.34782608695652173
1083,3,3,8,0.5897435897435898
1084,3,3,9,0.2777777777777778
1085,3,3,10,0.48148148148148145
1086,3,3,11,0.37037037037037035
1087,3,3,12,0.2727272727272727
1088,3,3,13,0.5
1089,3,3,14,0.30434782608695654
1090,3,3,15,0.35714285714285715
1091,3,3,16,0.34615384615384615
1092,3,3,17,0.4
1093,3,3,18,0.3953488372093023
1094,3,3,19,0.3283582089552239
1095,3,3,20,0.36065573770491804
1096,3,3,21,0.3157894736842105
1097,3,3,22,0.42424242424242425
1098,3,3,23,0.3076923076923077
1099,3,3,24,0.1590909090909091
1100,3,3,25,0.358974358974359
1101,3,3,26,0.16216216216216217
1102,3,3,27,0.375
1103,3,3,28,0.29411764705882354
1104,3,3,29,0.34
1105,3,3,30,0.3333333333333333
1106,3,3,31,0.20588235294117646
1107,3,3,32,0.32786885245901637
1108,3,3,33,0.28205128205128205
1109,3,3,34,0.3111111111111111
1110,3,3,35,0.39215686274509803
1111,3,3,36,0.391304347826087
1112,3,3,37,0.45
1113,3,3,38,0.3611111111111111
1114,3,3,39,0.3684210526315789
1115,3,3,40,0.4
1116,3,3,41,0.46875
1117,3,3,42,0.4166666666666667
1118,3,3,43,0.35714285714285715
1119,3,3,44,0.18181818181818182
1120,3,3,45,0.2692307692307692
1121,3,3,46,0.5121951219512195
1122,3,3,47,0.4838709677419355
1123,3,3,48,0.5681818181818182
1124,3,3,49,0.3333333333333333
1125,3,3,50,0.2894736842105263
1126,3,3,51,0.375
1127,3,4,3,0.31868131868131866
1128,3,4,4,0.3409090909090909
1129,3,4,5,0.32
1130,3,4,6,0.3466666666666667
1131,3,4,7,0.38333333333333336
1132,3,4,8,0.4782608695652174
1133,3,4,9,0.32727272727272727
1134,3,4,10,0.23076923076923078
1135,3,4,11,0.3225806451612903
1136,3,4,12,0.18571428571428572
1137,3,4,13,0.46511627906976744
1138,3,4,14,0.3170731707317073
1139,3,4,15,0.23529411764705882
1140,3,4,16,0.23809523809523808
1141,3,4,17,0.3448275862068966
1142,3,4,18,0.36363636363636365
1143,3,4,19,0.375
1144,3,4,20,0.3333333333333333
1145,3,4,21,0.4482758620689655
1146,3,4,22,0.18518518518518517
1147,3,4,23,0.3783783783783784
1148,3,4,24,0.3333333333333333
1149,3,4,25,0.475
1150,3,4,26,0.22580645161290322
1151,3,4,27,0.34782608695652173
1152,3,4,28,0.5483870967741935
1153,3,4,29,0.4
1154,3,4,30,0.25925925925925924
1155,3,4,31,0.35294117647058826
1156,3,4,32,0.1891891891891892
1157,3,4,33,0.265625
1158,3,4,34,0.46511627906976744
1159,3,4,35,0.46511627906976744
1160,3,4,36,0.2459016393442623
1161,3,4,37,0.34328358208955223
1162,3,4,38,0.31666666666666665
1163,3,4,39,0.4166666666666667
1164,3,4,40,0.2857142857142857
1165,3,4,41,0.2708333333333333
1166,3,4,42,0.3333333333333333
1167,3,4,43,0.46875
1168,3,4,44,0.3220338983050847
1169,3,4,45,0.2962962962962963
1170,3,4,46,0.4
1171,3,4,47,0.46875
1172,3,4,48,0.2894736842105263
1173,3,4,49,0.5384615384615384
1174,3,4,50,0.2
1175,3,4,51,0.0
1176,3,5,3,0.23214285714285715
1177,3,5,4,0.2988505747126437
1178,3,5,5,0.3584905660377358
1179,3,5,6,0.38095238095238093
1180,3,5,7,0.33962264150943394
1181,3,5,8,0.375
1182,3,5,9,0.28205128205128205
1183,3,5,10,0.35802469135802467
1184,3,5,11,0.2909090909090909
1185,3,5,12,0.3333333333333333
1186,3,5,13,0.425
1187,3,5,14,0.3
1188,3,5,15,0.3333333333333333
1189,3,5,16,0.3333333333333333
1190,3,5,17,0.3488372093023256
1191,3,5,18,0.4153846153846154
1192,3,5,19,0.36363636363636365
1193,3,5,20,0.2978723404255319
1194,3,5,21,0.41935483870967744
1195,3,5,22,0.23076923076923078
1196,3,5,23,0.41025641025641024
1197,3,5,24,0.4473684210526316
1198,3,5,25,0.45454545454545453
1199,3,5,26,0.3333333333333333
1200,3,5,27,0.32727272727272727
1201,3,5,28,0.36507936507936506
1202,3,5,29,0.2702702702702703
1203,3,5,30,0.2542372881355932
1204,3,5,31,0.3387096774193548
1205,3,5,32,0.3673469387755102
1206,3,5,33,0.39622641509433965
1207,3,5,34,0.390625
1208,3,5,35,0.4
1209,3,5,36,0.3548387096774194
1210,3,5,37,0.3387096774193548
1211,3,5,38,0.359375
1212,3,5,39,0.2876712328767123
1213,3,5,40,0.3611111111111111
1214,3,5,41,0.25
1215,3,5,42,0.32954545454545453
1216,3,5,43,0.4782608695652174
1217,3,5,44,0.4117647058823529
1218,3,5,45,0.27631578947368424
1219,3,5,46,0.4
1220,3,5,47,0.28169014084507044
1221,3,5,48,0.6470588235294118
1222,3,6,3,0.2283464566929134
1223,3,6,4,0.4
1224,3,6,5,0.21428571428571427
1225,3,6,6,0.34146341463414637
1226,3,6,7,0.41304347826086957
1227,3,6,8,0.3684210526315789
1228,3,6,9,0.2727272727272727
1229,3,6,10,0.30158730158730157
1230,3,6,11,0.22
1231,3,6,12,0.45614035087719296
1232,3,6,13,0.358974358974359
1233,3,6,14,0.29508196721311475
1234,3,6,15,0.30952380952380953
1235,3,6,16,0.2553191489361702
1236,3,6,17,0.4107142857142857
1237,3,6,18,0.3269230769230769
1238,3,6,19,0.3157894736842105
1239,3,6,20,0.28
1240,3,6,21,0.2545454545454545
1241,3,6,22,0.5
1242,3,6,23,0.35555555555555557
1243,3,6,24,0.16
1244,3,6,25,0.4827586206896552
1245,3,6,26,0.21428571428571427
1246,3,6,27,0.20833333333333334
1247,3,6,28,0.47619047619047616
1248,3,6,29,0.46875
1249,3,6,30,0.4807692307692308
1250,3,6,31,0.20930232558139536
1251,3,6,32,0.3953488372093023
1252,3,6,33,0.3333333333333333
1253,3,6,34,0.3333333333333333
1254,3,6,35,0.42105263157894735
1255,3,6,36,0.2631578947368421
1256,3,6,37,0.3783783783783784
1257,3,6,38,0.53125
1258,3,6,39,0.5135135135135135
1259,3,6,40,0.45161290322580644
1260,3,6,41,0.18181818181818182
1261,3,6,42,0.22916666666666666
1262,3,6,43,0.325
1263,3,6,44,0.34545454545454546
1264,3,6,45,0.4342105263157895
1265,3,6,46,0.45161290322580644
1266,3,6,47,0.35
1267,3,6,48,0.2857142857142857
1268,3,7,3,0.37962962962962965
1269,3,7,4,0.4117647058823529
1270,3,7,5,0.2
1271,3,7,6,0.41379310344827586
1272,3,7,7,0.27586206896551724
1273,3,7,8,0.4098360655737705
1274,3,7,9,0.2
1275,3,7,10,0.42857142857142855
1276,3,7,11,0.3333333333333333
1277,3,7,12,0.25925925925925924
1278,3,7,13,0.2857142857142857
1279,3,7,14,0.3333333333333333
1280,3,7,15,0.3125
1281,3,7,16,0.417910447761194
1282,3,7,17,0.3409090909090909
1283,3,7,18,0.4057971014492754
1284,3,7,19,0.2727272727272727
1285,3,7,20,0.4
1286,3,7,21,0.36363636363636365
1287,3,7,22,0.3673469387755102
1288,3,7,23,0.18604651162790697
1289,3,7,24,0.3484848484848485
1290,3,7,25,0.5
1291,3,7,26,0.4166666666666667
1292,3,7,27,0.20689655172413793
1293,3,7,28,0.3333333333333333
1294,3,7,29,0.3333333333333333
1295,3,7,30,0.3333333333333333
1296,3,7,31,0.3902439024390244
1297,3,7,32,0.225
1298,3,7,33,0.45454545454545453
1299,3,7,34,0.22857142857142856
1300,3,7,35,0.3114754098360656
1301,3,7,36,0.21428571428571427
1302,3,7,37,0.3888888888888889
1303,3,7,38,0.32786885245901637
1304,3,7,39,0.21052631578947367
1305,3,7,40,0.3888888888888889
1306,3,7,41,0.3111111111111111
1307,3,7,42,0.39705882352941174
1308,3,7,43,0.38181818181818183
1309,3,7,44,0.4339622641509434
1310,3,7,45,0.38181818181818183
1311,3,7,46,0.3974358974358974
1312,3,7,47,0.36
1313,3,7,48,0.3125
1314,3,7,49,0.4
1315,3,8,3,0.30275229357798167
1316,3,8,4,0.28169014084507044
1317,3,8,5,0.4166666666666667
1318,3,8,6,0.358974358974359
1319,3,8,7,0.46808510638297873
1320,3,8,8,0.23684210526315788
1321,3,8,9,0.41935483870967744
1322,3,8,10,0.21739130434782608
1323,3,8,11,0.3508771929824561
1324,3,8,12,0.2777777777777778
1325,3,8,13,0.3142857142857143
1326,3,8,14,0.5641025641025641
1327,3,8,15,0.20408163265306123
1328,3,8,16,0.23728813559322035
1329,3,8,17,0.3283582089552239
1330,3,8,18,0.38235294117647056
1331,3,8,19,0.4
1332,3,8,20,0.325
1333,3,8,21,0.34782608695652173
1334,3,8,22,0.3392857142857143
1335,3,8,23,0.52
1336,3,8,24,0.48717948717948717
1337,3,8,25,0.3548387096774194
1338,3,8,26,0.38095238095238093
1339,3,8,27,0.35185185185185186
1340,3,8,28,0.23684210526315788
1341,3,8,29,0.375
1342,3,8,30,0.3384615384615385
1343,3,8,31,0.4461538461538462
1344,3,8,32,0.5384615384615384
1345,3,8,33,0.24390243902439024
1346,3,8,34,0.3076923076923077
1347,3,8,35,0.2
1348,3,8,36,0.21428571428571427
1349,3,8,37,0.3522727272727273
1350,3,8,38,0.375
1351,3,8,39,0.41379310344827586
1352,3,8,40,0.475
1353,3,8,41,0.3333333333333333
1354,3,8,42,0.43478260869565216
1355,3,8,43,0.24242424242424243
1356,3,8,44,0.52
1357,3,8,45,0.5
1358,3,8,46,0.35
1359,3,8,47,0.4
1360,3,8,48,0.2903225806451613
1361,3,8,49,0.13333333333333333
1362,3,9,3,0.3838383838383838
1363,3,9,4,0.29896907216494845
1364,3,9,5,0.3333333333333333
1365,3,9,6,0.41935483870967744
1366,3,9,7,0.3064516129032258
1367,3,9,8,0.4583333333333333
1368,3,9,9,0.29850746268656714
1369,3,9,10,0.23255813953488372
1370,3,9,11,0.41304347826086957
1371,3,9,12,0.21666666666666667
1372,3,9,13,0.38095238095238093
1373,3,9,14,0.23684210526315788
1374,3,9,15,0.20588235294117646
1375,3,9,16,0.4074074074074074
1376,3,9,17,0.3055555555555556
1377,3,9,18,0.2692307692307692
1378,3,9,19,0.2702702702702703
1379,3,9,20,0.3333333333333333
1380,3,9,21,0.3333333333333333
1381,3,9,22,0.22727272727272727
1382,3,9,23,0.358974358974359
1383,3,9,24,0.3050847457627119
1384,3,9,25,0.30864197530864196
1385,3,9,26,0.38028169014084506
1386,3,9,27,0.36538461538461536
1387,3,9,28,0.35185185185185186
1388,3,9,29,0.3793103448275862
1389,3,9,30,0.30434782608695654
1390,3,9,31,0.4772727272727273
1391,3,9,32,0.3018867924528302
1392,3,9,33,0.358974358974359
1393,3,9,34,0.37254901960784315
1394,3,9,35,0.32608695652173914
1395,3,9,36,0.3
1396,3,9,37,0.28169014084507044
1397,3,9,38,0.3508771929824561
1398,3,9,39,0.39344262295081966
1399,3,9,40,0.2923076923076923
1400,3,9,41,0.35185185185185186
1401,3,9,42,0.28
1402,3,9,43,0.3611111111111111
1403,3,9,44,0.3157894736842105
1404,3,9,45,0.2708333333333333
1405,3,9,46,0.25925925925925924
1406,3,9,47,0.2923076923076923
1407,3,9,48,0.48
1408,3,10,3,0.3185840707964602
1409,3,10,4,0.32142857142857145
1410,3,10,5,0.275
1411,3,10,6,0.45454545454545453
1412,3,10,7,0.3404255319148936
1413,3,10,8,0.25925925925925924
1414,3,10,9,0.4827586206896552
1415,3,10,10,0.39473684210526316
1416,3,10,11,0.375
1417,3,10,12,0.4186046511627907
1418,3,10,13,0.39285714285714285
1419,3,10,14,0.16666666666666666
1420,3,10,15,0.41304347826086957
1421,3,10,16,0.3333333333333333
1422,3,10,17,0.425531914893617
1423,3,10,18,0.4222222222222222
1424,3,10,19,0.2702702702702703
1425,3,10,20,0.18181818181818182
1426,3,10,21,0.3157894736842105
1427,3,10,22,0.2765957446808511
1428,3,10,23,0.32608695652173914
1429,3,10,24,0.3508771929824561
1430,3,10,25,0.36585365853658536
1431,3,10,26,0.2631578947368421
1432,3,10,27,0.3695652173913043
1433,3,10,28,0.5
1434,3,10,29,0.2727272727272727
1435,3,10,30,0.2727272727272727
1436,3,10,31,0.4634146341463415
1437,3,10,32,0.23684210526315788
1438,3,10,33,0.3181818181818182
1439,3,10,34,0.28125
1440,3,10,35,0.23333333333333334
1441,3,10,36,0.37777777777777777
1442,3,10,37,0.52
1443,3,10,38,0.3695652173913043
1444,3,10,39,0.3103448275862069
1445,3,10,40,0.3548387096774194
1446,3,10,41,0.36666666666666664
1447,3,10,42,0.40476190476190477
1448,3,10,43,0.19444444444444445
1449,3,10,44,0.4117647058823529
1450,3,10,45,0.391304347826087
1451,3,10,46,0.3333333333333333
1452,3,10,47,0.5833333333333334
1453,3,10,48,0.4090909090909091
1454,3,10,49,0.4117647058823529
1455,3,10,50,0.18421052631578946
1456,3,10,51,0.3181818181818182
1457,3,10,52,0.4473684210526316
1458,3,10,53,0.4666666666666667
1459,3,10,54,0.5
1460,3,10,55,0.42105263157894735
1461,3,10,3,0.6371681415929203
1462,3,10,4,0.6428571428571429
1463,3,10,5,0.55
1464,3,10,6,0.9090909090909091
1465,3,10,7,0.6808510638297872
1466,3,10,8,0.5185185185185185
1467,3,10,9,0.9655172413793104
1468,3,10,10,0.7894736842105263
1469,3,10,11,0.75
1470,3,10,12,0.8372093023255814
1471,3,10,13,0.7857142857142857
1472,3,10,14,0.3333333333333333
1473,3,10,15,0.8260869565217391
1474,3,10,16,0.6666666666666666
1475,3,10,17,0.851063829787234
1476,3,10,18,0.8444444444444444
1477,3,10,19,0.5405405405405406
1478,3,10,20,0.36363636363636365
1479,3,10,21,0.631578947368421
1480,3,10,22,0.5531914893617021
1481,3,10,23,0.6521739130434783
1482,3,10,24,0.7017543859649122
1483,3,10,25,0.7317073170731707
1484,3,10,26,0.5263157894736842
1485,3,10,27,0.7391304347826086
1486,3,10,28,1.0
1487,3,10,29,0.5454545454545454
1488,3,10,30,0.5454545454545454
1489,3,10,31,0.926829268292683
1490,3,10,32,0.47368421052631576
1491,3,10,33,0.6363636363636364
1492,3,10,34,0.5625
1493,3,10,35,0.4666666666666667
1494,3,10,36,0.7555555555555555
1495,3,10,37,1.04
1496,3,10,38,0.7391304347826086
1497,3,10,39,0.6206896551724138
1498,3,10,40,0.7096774193548387
1499,3,10,41,0.7333333333333333
1500,3,10,42,0.8095238095238095
1501,3,10,43,0.3888888888888889
1502,3,10,44,0.8235294117647058
1503,3,10,45,0.782608695652174
1504,3,10,46,0.6666666666666666
1505,3,10,47,1.1666666666666667
1506,3,10,48,0.8181818181818182
1507,3,10,49,0.8235294117647058
1508,3,10,50,0.3684210526315789
1509,3,10,51,0.6363636363636364
1510,3,10,52,0.8947368421052632
1511,3,10,53,0.9333333333333333
1512,3,10,54,1.0
1513,3,10,55,0.8421052631578947
